<?xml version="1.0" encoding="UTF-8"?>
<!DOCTYPE mapper
        PUBLIC "-//mybatis.org//DTD Mapper 3.0//EN"
        "http://mybatis.org/dtd/mybatis-3-mapper.dtd">
<mapper namespace="com.rabbiter.library.mapper.SysReaderMapper">

    <resultMap id="BaseResultMap" type="com.rabbiter.library.entity.SysReader">
            <id property="readerId" column="reader_id" jdbcType="INTEGER"/>
            <result property="learnNum" column="learn_num" jdbcType="VARCHAR"/>
            <result property="username" column="username" jdbcType="VARCHAR"/>
            <result property="idCard" column="id_card" jdbcType="VARCHAR"/>
            <result property="sex" column="sex" jdbcType="VARCHAR"/>
            <result property="phone" column="phone" jdbcType="VARCHAR"/>
            <result property="password" column="password" jdbcType="VARCHAR"/>
            <result property="type" column="type" jdbcType="VARCHAR"/>
            <result property="checkStatus" column="check_status" jdbcType="VARCHAR"/>
            <result property="userStatus" column="user_status" jdbcType="VARCHAR"/>
            <result property="className" column="class_name" jdbcType="VARCHAR"/>
            <result property="avatarUrl" column="avatar_url" jdbcType="VARCHAR"/>
    </resultMap>

    <sql id="Base_Column_List">
        reader_id,learn_num,username,
        id_card,sex,phone,
        password,type,check_status,
        user_status,class_name,avatar_url
    </sql>

    <update id="updateAvatarById">
        UPDATE sys_reader
        SET avatar_url = #{avatarUrl}
        WHERE reader_id = #{readerId}
    </update>

    <select id="selectById" resultType="com.rabbiter.library.entity.SysReader">
        SELECT * FROM sys_reader WHERE reader_id = #{readerId}
    </select>

</mapper>


